2535 N 5 ST, PHILA, CA 90210, United States,5 Phila Street, Mendon, NY 14506, USA,undefined,undefined
1 V ST NW, WASHINGTON, DC 20001, United States,1 V Street Northwest, Washington, DC 20001, USA,undefined,undefined
10 49TH PL NE, WASHINGTON, DC 20019, United States,10 49th Place Northeast, Washington, DC 20019, USA,undefined,undefined
10 INGRAHAM ST NW, WASHINGTON, DC 20011, United States,10 Ingraham Street Northwest, Washington, DC 20011, USA,undefined,undefined
10 R ST NW, WASHINGTON, DC 20001, United States,10 R Street Northwest, Washington, DC 20001, USA,undefined,undefined
1000 KENILWORTH AVE NE, WASHINGTON, DC 20019, United States,1000 Kenilworth Avenue Northeast, Washington, DC 20019, USA,undefined,undefined
1000 PARK RD NW, WASHINGTON, DC 20010, United States,1000 Park Road Northwest, Washington, DC 20010, USA,undefined,undefined
1002 O ST NW, WASHINGTON, DC 20001, United States,1002 O Street Northwest, Washington, DC 20001, USA,undefined,undefined
1002 RIDGE RD SE, WASHINGTON, DC 20019, United States,1002 Ridge Road Southeast, Washington, DC 20019, USA,undefined,undefined
1003 LAMONT ST NW, WASHINGTON, DC 20010, United States,1003 Lamont Street Northwest, Washington, DC 20010, USA,undefined,undefined
1004 G ST NE, WASHINGTON, DC 20002, United States,1004 G Street Northeast, Washington, DC 20002, USA,undefined,undefined
1004 S ST NW, WASHINGTON, DC 20001, United States,1004 S Street Northwest, Washington, DC 20001, USA,undefined,undefined
1006 O ST NW, WASHINGTON, DC 20001, United States,1006 O Street Northwest, Washington, DC 20001, USA,undefined,undefined
1006 PARK RD NW, WASHINGTON, DC 20010, United States,1006 Park Road Northwest, Washington, DC 20010, USA,undefined,undefined
1007 IRVING ST NW, WASHINGTON, DC 20010, United States,1007 Irving Street Northwest, Washington, DC 20010, USA,undefined,undefined
1007 MONROE ST NWAPT 2, WASHINGTON, DC 20010, United States,,,
1007A I ST NEAAPT, WASHINGTON, DC 20002, United States,,,
1008 S ST NW, WASHINGTON, DC 20001, United States,1008 S Street Northwest, Washington, DC 20001, USA,undefined,undefined
1008 W ST NW, WASHINGTON, DC 20001, United States,,,
1009 17TH ST NEAPT 3, WASHINGTON, DC 20002, United States,,,
1009 17TH ST NEAPT 1, WASHINGTON, DC 20002, United States,,,
101 36TH ST NE, WASHINGTON, DC 20019, United States,101 36th Street Northeast, Washington, DC 20019, USA,undefined,undefined
1010 16TH ST NEAPT 3, WASHINGTON, DC 20002, United States,,,
1011 S ST NW, WASHINGTON, DC 20001, United States,,,
2535 N 5 ST, PHILA, CA 90210, United States,5 Phila Street, Mendon, NY 14506, USA,undefined,undefined
1 V ST NW, WASHINGTON, DC 20001, United States,1 V Street Northwest, Washington, DC 20001, USA,undefined,undefined
10 49TH PL NE, WASHINGTON, DC 20019, United States,10 49th Place Northeast, Washington, DC 20019, USA,undefined,undefined
10 INGRAHAM ST NW, WASHINGTON, DC 20011, United States,10 Ingraham Street Northwest, Washington, DC 20011, USA,undefined,undefined
10 R ST NW, WASHINGTON, DC 20001, United States,10 R Street Northwest, Washington, DC 20001, USA,undefined,undefined
1000 KENILWORTH AVE NE, WASHINGTON, DC 20019, United States,1000 Kenilworth Avenue Northeast, Washington, DC 20019, USA,undefined,undefined
1000 PARK RD NW, WASHINGTON, DC 20010, United States,1000 Park Road Northwest, Washington, DC 20010, USA,undefined,undefined
1002 O ST NW, WASHINGTON, DC 20001, United States,1002 O Street Northwest, Washington, DC 20001, USA,undefined,undefined
1002 RIDGE RD SE, WASHINGTON, DC 20019, United States,1002 Ridge Road Southeast, Washington, DC 20019, USA,undefined,undefined
1003 LAMONT ST NW, WASHINGTON, DC 20010, United States,1003 Lamont Street Northwest, Washington, DC 20010, USA,undefined,undefined
1004 G ST NE, WASHINGTON, DC 20002, United States,1004 G Street Northeast, Washington, DC 20002, USA,undefined,undefined
1004 S ST NW, WASHINGTON, DC 20001, United States,1004 S Street Northwest, Washington, DC 20001, USA,undefined,undefined
1006 O ST NW, WASHINGTON, DC 20001, United States,1006 O Street Northwest, Washington, DC 20001, USA,undefined,undefined
1006 PARK RD NW, WASHINGTON, DC 20010, United States,1006 Park Road Northwest, Washington, DC 20010, USA,undefined,undefined
1007 IRVING ST NW, WASHINGTON, DC 20010, United States,1007 Irving Street Northwest, Washington, DC 20010, USA,undefined,undefined
1007 MONROE ST NWAPT 2, WASHINGTON, DC 20010, United States,1007 Monroe Street Northwest #2, Washington, DC 20010, USA,undefined,undefined
1007A I ST NEAAPT, WASHINGTON, DC 20002, United States,1007 I Street Northeast, Washington, DC 20002, USA,undefined,undefined
1008 S ST NW, WASHINGTON, DC 20001, United States,1008 S Street Northwest, Washington, DC 20001, USA,undefined,undefined
1008 W ST NW, WASHINGTON, DC 20001, United States,1008 W Street Northwest, Washington, DC 20001, USA,undefined,undefined
1009 17TH ST NEAPT 3, WASHINGTON, DC 20002, United States,1009 17th Street Northeast, Washington, DC 20002, USA,undefined,undefined
1009 17TH ST NEAPT 1, WASHINGTON, DC 20002, United States,1009 17th Street Northeast, Washington, DC 20002, USA,undefined,undefined
101 36TH ST NE, WASHINGTON, DC 20019, United States,101 36th Street Northeast, Washington, DC 20019, USA,undefined,undefined
1010 16TH ST NEAPT 3, WASHINGTON, DC 20002, United States,1010 16th Street Northeast, Washington, DC 20002, USA,undefined,undefined
1011 S ST NW, WASHINGTON, DC 20001, United States,,,
2535 N 5 ST, PHILA, CA 90210, United States,5 Phila Street, Mendon, NY 14506, USA,undefined,undefined
1 V ST NW, WASHINGTON, DC 20001, United States,1 V Street Northwest, Washington, DC 20001, USA,undefined,undefined
10 49TH PL NE, WASHINGTON, DC 20019, United States,10 49th Place Northeast, Washington, DC 20019, USA,undefined,undefined
10 INGRAHAM ST NW, WASHINGTON, DC 20011, United States,10 Ingraham Street Northwest, Washington, DC 20011, USA,undefined,undefined
10 R ST NW, WASHINGTON, DC 20001, United States,10 R Street Northwest, Washington, DC 20001, USA,undefined,undefined
1000 KENILWORTH AVE NE, WASHINGTON, DC 20019, United States,1000 Kenilworth Avenue Northeast, Washington, DC 20019, USA,undefined,undefined
1000 PARK RD NW, WASHINGTON, DC 20010, United States,1000 Park Road Northwest, Washington, DC 20010, USA,undefined,undefined
1002 O ST NW, WASHINGTON, DC 20001, United States,1002 O Street Northwest, Washington, DC 20001, USA,undefined,undefined
1002 RIDGE RD SE, WASHINGTON, DC 20019, United States,1002 Ridge Road Southeast, Washington, DC 20019, USA,undefined,undefined
1003 LAMONT ST NW, WASHINGTON, DC 20010, United States,1003 Lamont Street Northwest, Washington, DC 20010, USA,undefined,undefined
1004 G ST NE, WASHINGTON, DC 20002, United States,1004 G Street Northeast, Washington, DC 20002, USA,undefined,undefined
1004 S ST NW, WASHINGTON, DC 20001, United States,1004 S Street Northwest, Washington, DC 20001, USA,undefined,undefined
1006 O ST NW, WASHINGTON, DC 20001, United States,1006 O Street Northwest, Washington, DC 20001, USA,undefined,undefined
1006 PARK RD NW, WASHINGTON, DC 20010, United States,1006 Park Road Northwest, Washington, DC 20010, USA,undefined,undefined
1007 IRVING ST NW, WASHINGTON, DC 20010, United States,1007 Irving Street Northwest, Washington, DC 20010, USA,undefined,undefined
1007 MONROE ST NWAPT 2, WASHINGTON, DC 20010, United States,,,
1007A I ST NEAAPT, WASHINGTON, DC 20002, United States,,,
1008 S ST NW, WASHINGTON, DC 20001, United States,1008 S Street Northwest, Washington, DC 20001, USA,undefined,undefined
1008 W ST NW, WASHINGTON, DC 20001, United States,,,
1009 17TH ST NEAPT 3, WASHINGTON, DC 20002, United States,,,
1009 17TH ST NEAPT 1, WASHINGTON, DC 20002, United States,,,
101 36TH ST NE, WASHINGTON, DC 20019, United States,101 36th Street Northeast, Washington, DC 20019, USA,undefined,undefined
1010 16TH ST NEAPT 3, WASHINGTON, DC 20002, United States,,,
1011 S ST NW, WASHINGTON, DC 20001, United States,,,
2535 N 5 ST, PHILA, CA 90210, United States,5 Phila Street, Mendon, NY 14506, USA,undefined,undefined
1 V ST NW, WASHINGTON, DC 20001, United States,1 V Street Northwest, Washington, DC 20001, USA,undefined,undefined
10 49TH PL NE, WASHINGTON, DC 20019, United States,10 49th Place Northeast, Washington, DC 20019, USA,undefined,undefined
10 INGRAHAM ST NW, WASHINGTON, DC 20011, United States,10 Ingraham Street Northwest, Washington, DC 20011, USA,undefined,undefined
10 R ST NW, WASHINGTON, DC 20001, United States,10 R Street Northwest, Washington, DC 20001, USA,undefined,undefined
1000 KENILWORTH AVE NE, WASHINGTON, DC 20019, United States,1000 Kenilworth Avenue Northeast, Washington, DC 20019, USA,undefined,undefined
1000 PARK RD NW, WASHINGTON, DC 20010, United States,1000 Park Road Northwest, Washington, DC 20010, USA,undefined,undefined
1002 O ST NW, WASHINGTON, DC 20001, United States,1002 O Street Northwest, Washington, DC 20001, USA,undefined,undefined
1002 RIDGE RD SE, WASHINGTON, DC 20019, United States,1002 Ridge Road Southeast, Washington, DC 20019, USA,undefined,undefined
1003 LAMONT ST NW, WASHINGTON, DC 20010, United States,1003 Lamont Street Northwest, Washington, DC 20010, USA,undefined,undefined
1004 G ST NE, WASHINGTON, DC 20002, United States,1004 G Street Northeast, Washington, DC 20002, USA,undefined,undefined
1004 S ST NW, WASHINGTON, DC 20001, United States,1004 S Street Northwest, Washington, DC 20001, USA,undefined,undefined
1006 O ST NW, WASHINGTON, DC 20001, United States,1006 O Street Northwest, Washington, DC 20001, USA,undefined,undefined
1006 PARK RD NW, WASHINGTON, DC 20010, United States,1006 Park Road Northwest, Washington, DC 20010, USA,undefined,undefined
1007 IRVING ST NW, WASHINGTON, DC 20010, United States,1007 Irving Street Northwest, Washington, DC 20010, USA,undefined,undefined
1007 MONROE ST NWAPT 2, WASHINGTON, DC 20010, United States,1007 Monroe Street Northwest #2, Washington, DC 20010, USA,undefined,undefined
1007A I ST NEAAPT, WASHINGTON, DC 20002, United States,,,
1008 S ST NW, WASHINGTON, DC 20001, United States,,,
1008 W ST NW, WASHINGTON, DC 20001, United States,1008 W Street Northwest, Washington, DC 20001, USA,undefined,undefined
1009 17TH ST NEAPT 3, WASHINGTON, DC 20002, United States,,,
1009 17TH ST NEAPT 1, WASHINGTON, DC 20002, United States,,,
101 36TH ST NE, WASHINGTON, DC 20019, United States,,,
1010 16TH ST NEAPT 3, WASHINGTON, DC 20002, United States,1010 16th Street Northeast, Washington, DC 20002, USA,undefined,undefined
1011 S ST NW, WASHINGTON, DC 20001, United States,,,
2535 N 5 ST, PHILA, CA 90210, United States,5 Phila Street, Mendon, NY 14506, USA,undefined,undefined
1 V ST NW, WASHINGTON, DC 20001, United States,1 V Street Northwest, Washington, DC 20001, USA,undefined,undefined
10 49TH PL NE, WASHINGTON, DC 20019, United States,10 49th Place Northeast, Washington, DC 20019, USA,undefined,undefined
10 INGRAHAM ST NW, WASHINGTON, DC 20011, United States,10 Ingraham Street Northwest, Washington, DC 20011, USA,undefined,undefined
10 R ST NW, WASHINGTON, DC 20001, United States,10 R Street Northwest, Washington, DC 20001, USA,undefined,undefined
1000 KENILWORTH AVE NE, WASHINGTON, DC 20019, United States,1000 Kenilworth Avenue Northeast, Washington, DC 20019, USA,undefined,undefined
1000 PARK RD NW, WASHINGTON, DC 20010, United States,1000 Park Road Northwest, Washington, DC 20010, USA,undefined,undefined
1002 O ST NW, WASHINGTON, DC 20001, United States,1002 O Street Northwest, Washington, DC 20001, USA,undefined,undefined
1002 RIDGE RD SE, WASHINGTON, DC 20019, United States,1002 Ridge Road Southeast, Washington, DC 20019, USA,undefined,undefined
1003 LAMONT ST NW, WASHINGTON, DC 20010, United States,1003 Lamont Street Northwest, Washington, DC 20010, USA,undefined,undefined
1004 G ST NE, WASHINGTON, DC 20002, United States,1004 G Street Northeast, Washington, DC 20002, USA,undefined,undefined
1004 S ST NW, WASHINGTON, DC 20001, United States,1004 S Street Northwest, Washington, DC 20001, USA,undefined,undefined
1006 O ST NW, WASHINGTON, DC 20001, United States,1006 O Street Northwest, Washington, DC 20001, USA,undefined,undefined
1006 PARK RD NW, WASHINGTON, DC 20010, United States,1006 Park Road Northwest, Washington, DC 20010, USA,undefined,undefined
1007 IRVING ST NW, WASHINGTON, DC 20010, United States,1007 Irving Street Northwest, Washington, DC 20010, USA,undefined,undefined
1007 MONROE ST NWAPT 2, WASHINGTON, DC 20010, United States,,,
1007A I ST NEAAPT, WASHINGTON, DC 20002, United States,,,
1008 S ST NW, WASHINGTON, DC 20001, United States,1008 S Street Northwest, Washington, DC 20001, USA,undefined,undefined
1008 W ST NW, WASHINGTON, DC 20001, United States,,,
1009 17TH ST NEAPT 3, WASHINGTON, DC 20002, United States,,,
1009 17TH ST NEAPT 1, WASHINGTON, DC 20002, United States,,,
101 36TH ST NE, WASHINGTON, DC 20019, United States,101 36th Street Northeast, Washington, DC 20019, USA,undefined,undefined
1010 16TH ST NEAPT 3, WASHINGTON, DC 20002, United States,,,
1011 S ST NW, WASHINGTON, DC 20001, United States,,,
